{
    "description": "xrite24色块原始测量值在XYZ色彩空间的数值-改用datacolor顺序",
    "type": "XYZ",
    "white_point": "D50",
    "source": "ColorChecker24_After_Nov2014.txt (X-Rite official measurement)",
    "data": {
        "A6": [
            0.11364224991381419,
            0.09832436104903851,
            0.04781177206605367
        ],
        "B1": [
            0.40737758976588717,
            0.31264161585204886,
            0.051325191037938776
        ],
        "C6": [
            0.06809236851092917,
            0.05596214062500003,
            0.2078186631811088
        ],
        "D1": [
            0.8437160292958795,
            0.8806903202769434,
            0.6939385615398551
        ],
        "A5": [
            0.38111835287889556,
            0.3362023039946287,
            0.1853286911045589
        ],
        "B2": [
            0.12005432280865083,
            0.10910902328342183,
            0.2875527720515974
        ],
        "C5": [
            0.1413547008804712,
            0.2233437582465455,
            0.07290200393203873
        ],
        "D2": [
            0.5665453092883779,
            0.5899709701921204,
            0.4830288376881794
        ],
        "A4": [
            0.16525042805702192,
            0.178551934765673,
            0.25469809250687486
        ],
        "B3": [
            0.29150968810396566,
            0.18899995604639894,
            0.09740009268856245
        ],
        "C4": [
            0.2143772890390089,
            0.12780083497363054,
            0.038696043893990346
        ],
        "D3": [
            0.3495994505393539,
            0.36486520663067873,
            0.30146979994061235
        ],
        "A3": [
            0.11144154543496539,
            0.13467926789228754,
            0.05241289263855162
        ],
        "B4": [
            0.08354061825841275,
            0.0627666295512321,
            0.10424673010870028
        ],
        "C3": [
            0.5889044507080452,
            0.5992976803066956,
            0.07080079719650226
        ],
        "D4": [
            0.18355339362315545,
            0.19062287543564715,
            0.1567306160085342
        ],
        "A2": [
            0.24198741809165497,
            0.22871759975296238,
            0.32833378071325947
        ],
        "B5": [
            0.34274505945157097,
            0.433175940891001,
            0.08333921978791206
        ],
        "C2": [
            0.2991290025418844,
            0.18951145768007596,
            0.22143010226826845
        ],
        "D5": [
            0.08449143295872213,
            0.08817234828393437,
            0.0739440855145242
        ],
        "A1": [
            0.3045174563143716,
            0.41435546877690776,
            0.34448209678454483
        ],
        "B6": [
            0.4769822678571891,
            0.4293377577692557,
            0.06007298142148404
        ],
        "C1": [
            0.1247992826994756,
            0.18060991295576387,
            0.2914487244576922
        ],
        "D6": [
            0.030426073756598962,
            0.03151319430890976,
            0.026577228396155332
        ]
    }
}